Series,Location,Rock Type,K,Ti,Sr,P,Rb,Nb,Ba,Zr,Ce,Th,Y,La
Orogenic,Spain (Betics),Lamproite,39346.74,7312.68,1177.0,7200.6,64.0,48.9,2510.0,647.3,256.87,135.7,30.3,116.03
Orogenic,Spain (Betics),Lamproite,40757.91,7372.62,1593.0,9164.4,228.0,66.8,4334.0,708.3,361.06,159.7,36.9,143.49
Orogenic,Spain (Betics),Lamproite,56446.8,8031.96,1086.0,7113.32,344.0,52.0,3120.0,710.0,254.2,115.0,34.0,100.4
Orogenic,Spain (Betics),Lamproite,54786.6,7552.44,1109.0,6851.48,172.0,47.0,2773.0,648.9,241.4,118.83,30.3,99.46
Orogenic,Spain (Betics),Lamproite,56280.78,7432.56,1523.0,6764.2,328.0,48.3,3773.0,630.4,290.51,109.95,30.8,117.52
Orogenic,Spain (Betics),Lamproite,38267.61,7432.56,1571.0,8640.72,115.0,62.2,3305.0,721.2,351.54,155.95,37.0,143.32
Orogenic,Spain (Betics),Lamproite,36773.43,7492.5,1185.0,6502.36,157.0,56.1,3217.0,646.5,298.41,126.56,31.1,116.12
Orogenic,Spain (Betics),Lamproite,47813.76,9590.4,1375.0,7549.72,253.0,36.0,3216.0,628.0,263.4,114.4,26.0,100.9
Orogenic,Spain (Betics),Lamproite,84089.13,10249.74,549.0,4887.68,785.0,38.0,1865.0,814.0,258.2,110.2,19.0,90.6
Orogenic,Spain (Betics),Lamproite,73878.9,9650.34,688.0,4931.32,494.0,38.9,1163.0,638.2,235.5,92.9,21.9,90.69
Orogenic,Spain (Betics),Lamproite,78693.48,9950.04,528.0,4669.48,769.0,54.6,1868.0,902.3,268.12,112.66,24.0,90.74
Orogenic,Spain (Betics),Lamproite,77282.31,9410.58,864.0,5062.24,676.0,41.0,1694.0,768.0,293.1,128.1,23.0,109.2
Orogenic,Spain (Betics),Lamproite,72052.68,9470.52,833.0,5018.6,510.0,52.0,2570.0,884.0,292.4,126.0,30.0,111.4
Orogenic,Spain (Betics),Lamproite,53873.49,9230.76,662.0,4538.56,1135.0,42.0,1721.0,857.0,297.0,125.0,47.0,108.0
Orogenic,Spain (Betics),Lamproite,78444.45,9590.4,703.0,4713.12,568.0,41.0,1797.0,859.0,302.0,128.0,33.0,109.0
Orogenic,Spain (Betics),Lamproite,72965.79,9290.7,744.0,4713.12,617.0,45.0,2076.0,897.0,300.0,125.0,34.0,105.0
Orogenic,Spain (Betics),Lamproite,76950.27,9410.58,738.0,4844.04,671.0,46.0,1767.0,899.0,300.0,128.0,31.0,106.0
Orogenic,Spain (Betics),Lamproite,75954.15,9350.64,753.0,4887.68,670.0,43.0,1560.0,883.0,310.0,132.0,34.0,112.0
Orogenic,Spain (Betics),Lamproite,76369.2,9470.52,770.0,5149.52,557.0,45.0,1772.0,887.0,311.0,133.0,32.0,107.0
Orogenic,Spain (Betics),Lamproite,75705.12,9050.94,868.0,5673.2,538.0,44.0,2831.0,823.0,319.0,141.0,30.0,116.0
Orogenic,Spain (Betics),Lamproite,74127.93,8931.06,816.0,5411.36,556.0,45.0,1855.0,838.0,307.0,133.0,33.0,109.0
Orogenic,Spain (Betics),Lamproite,74210.94,9050.94,918.0,5280.44,623.0,51.5,1551.0,738.7,320.35,117.61,28.6,114.75
Orogenic,Spain (Betics),Lamproite,75290.07,9350.64,811.0,5018.6,763.0,54.9,1751.0,811.8,312.61,124.19,28.2,110.34
Orogenic,Spain (Betics),Lamproite,74459.97,9230.76,802.0,4669.48,658.0,49.4,1886.0,760.4,298.35,111.41,25.9,103.96
Orogenic,Spain (Betics),Lamproite,74792.01,9230.76,785.0,4669.48,590.0,48.0,1719.0,783.7,280.01,118.68,27.8,108.07
Orogenic,Spain (Betics),Lamproite,59684.19,9290.7,678.0,4233.08,1118.0,46.2,1697.0,725.4,291.34,98.84,24.6,98.35
Orogenic,Spain (Betics),Lamproite,68483.25,8871.12,506.0,4102.16,698.0,34.0,1843.0,647.0,192.3,81.1,23.0,72.2
Orogenic,Spain (Betics),Lamproite,49889.01,9170.82,483.0,4669.48,540.0,31.0,1527.0,695.0,212.0,108.9,22.0,75.1
Orogenic,Spain (Betics),Lamproite,49556.97,8391.6,603.0,4276.72,375.0,41.2,1355.0,651.7,201.35,96.96,24.3,68.97
Orogenic,Spain (Betics),Lamproite,68068.2,8451.54,558.0,3927.6,736.0,44.6,1917.0,627.0,209.04,77.15,26.3,73.09
Orogenic,Spain (Betics),Lamproite,61012.35,8151.84,527.0,3753.04,657.0,40.0,1547.0,625.7,175.32,79.74,25.4,64.71
Orogenic,Spain (Betics),Lamproite,61344.39,8271.72,537.0,3796.68,676.0,41.7,1497.0,653.5,181.27,85.41,27.1,66.84
Orogenic,Spain (Betics),Lamproite,57193.89,7912.08,482.0,3622.12,596.0,42.3,1395.0,620.6,207.95,83.64,26.9,73.39
Orogenic,Spain (Betics),Lamproite,51798.24,4075.92,333.0,2225.64,577.0,34.0,1197.0,301.9,119.99,44.17,17.4,42.84
Orogenic,Spain (Betics),Lamproite,53292.42,7972.02,498.0,3753.04,633.0,39.6,1458.0,596.2,199.25,80.89,25.9,70.35
Orogenic,Spain (Betics),Lamproite,49058.91,8151.84,454.0,3709.4,636.0,37.7,1372.0,694.4,184.63,88.97,25.8,72.68
Orogenic,Spain (Betics),Lamproite,70807.53,8871.12,438.0,4407.64,519.0,36.6,1315.0,688.0,191.54,98.0,23.8,72.95
Orogenic,Spain (Betics),Lamproite,62921.58,5094.9,523.0,3927.6,388.0,17.0,1966.0,356.0,143.1,68.4,18.0,59.4
Orogenic,Spain (Betics),Lamproite,39927.81,4855.14,446.0,3840.32,291.0,24.0,1889.0,315.0,146.0,64.0,24.0,59.2
Orogenic,Spain (Betics),Lamproite,46568.61,5274.72,478.0,4102.16,344.0,28.0,1931.0,373.0,152.0,68.0,27.0,60.2
Orogenic,Spain (Betics),Lamproite,33204.0,9170.82,443.0,3447.56,535.0,34.0,1516.0,575.0,250.0,90.3,19.0,93.6
Orogenic,Spain (Betics),Lamproite,49972.02,4675.32,567.0,3447.56,271.0,22.0,1969.0,265.0,244.7,90.0,22.0,118.0
Orogenic,Spain (Betics),Lamproite,23906.88,7612.38,451.0,3011.16,385.0,40.0,1434.0,671.0,243.1,85.5,23.0,94.8
Orogenic,Spain (Betics),Lamproite,27808.35,7972.02,402.0,3011.16,435.0,43.2,1377.0,638.1,243.77,83.08,20.4,85.95
Orogenic,Spain (Betics),Lamproite,28223.4,9530.46,617.0,3753.04,548.0,54.4,2095.0,798.9,332.37,114.3,24.3,121.75
Orogenic,Spain (Betics),Lamproite,39844.8,7792.2,433.0,2923.88,400.0,37.2,1296.0,570.3,235.96,76.92,19.9,87.23
Orogenic,Spain (Betics),Lamproite,57525.93,4375.62,324.0,2356.56,466.0,49.4,921.0,378.2,126.23,58.28,18.1,51.48
Orogenic,Spain (Betics),Lamproite,51383.19,3956.04,441.0,2225.64,480.0,33.3,2762.0,356.9,113.68,52.93,18.2,45.8
Orogenic,Spain (Betics),Lamproite,63585.66,6353.64,472.0,3142.08,578.0,48.0,1465.0,563.2,196.22,82.11,20.7,73.39
Orogenic,Spain (Betics),Lamproite,48809.88,5154.84,548.0,3840.32,451.0,26.0,1894.0,337.0,250.0,76.0,13.0,71.0
Orogenic,Spain (Betics),Lamproite,48726.87,5214.78,549.0,3883.96,448.0,25.0,1894.0,331.0,298.0,76.0,13.0,69.0
Orogenic,Spain (Betics),Lamproite,73878.9,10669.32,870.0,5149.52,697.0,49.0,2539.0,969.0,319.0,128.0,28.0,117.0
Orogenic,Spain (Betics),Lamproite,84670.2,10249.74,640.0,6240.52,852.0,47.0,1927.0,869.0,265.0,130.0,23.8,96.0
Orogenic,Spain (Betics),Lamproite,82179.9,9830.16,558.0,4887.68,737.0,41.0,1883.0,849.0,263.0,108.0,24.3,95.0
Orogenic,Spain (Betics),Lamproite,77199.3,10369.62,745.0,4713.12,432.0,48.0,2047.0,905.0,278.0,127.0,26.1,100.0
Orogenic,Spain (Betics),Lamproite,83010.0,10069.92,739.0,4189.44,866.0,53.0,1276.0,874.0,335.0,140.0,30.4,114.0
Orogenic,Spain (Betics),Lamproite,80519.7,9830.16,515.0,4058.52,726.0,47.0,1518.0,849.0,334.0,124.0,23.5,121.0
Orogenic,Spain (Betics),Lamproite,81349.8,10009.98,1675.0,6851.48,614.0,57.0,2669.0,907.0,294.0,138.0,24.7,113.0
Orogenic,Spain (Betics),Lamproite,74709.0,9290.7,1685.0,6633.28,643.0,59.0,2576.0,848.0,273.0,146.0,26.2,105.0
Orogenic,Spain (Betics),Lamproite,55616.7,10009.98,496.0,4494.92,360.0,50.0,1287.0,905.0,250.0,124.0,28.1,90.0
Orogenic,Spain (Betics),Lamproite,79689.6,9710.28,838.0,5018.6,614.0,66.0,3276.0,991.0,318.0,177.0,34.0,111.0
Orogenic,Spain (Betics),Lamproite,73048.8,8451.54,1391.0,5847.76,510.0,89.0,3892.0,1013.0,305.0,220.0,37.0,112.0
Orogenic,Spain (Betics),Lamproite,66408.0,10069.92,680.0,4931.32,300.0,48.0,2402.0,773.0,232.0,116.0,22.6,85.0
Orogenic,Spain (Betics),Lamproite,77199.3,11748.24,584.0,4233.08,480.0,48.0,1881.0,883.0,310.0,137.0,23.6,112.0
Orogenic,Spain (Betics),Lamproite,65743.92,8931.06,540.0,3971.24,667.0,41.0,1647.0,718.0,264.5,108.3,22.0,100.2
Orogenic,Spain (Betics),Lamproite,55450.68,6293.7,590.0,3840.32,360.0,29.0,2101.0,428.0,195.1,106.5,19.0,77.7
Orogenic,Spain (Betics),Lamproite,78195.42,10069.92,712.0,4844.04,651.0,35.0,1893.0,943.0,284.8,120.2,29.0,128.0
Orogenic,Spain (Betics),Lamproite,47481.72,4855.14,641.0,3316.64,355.0,30.0,1813.0,363.0,162.4,79.2,24.0,71.2
Orogenic,Spain (Betics),Lamproite,36690.42,3596.4,404.0,1745.6,236.0,16.0,1098.0,206.0,120.0,44.0,29.0,28.0
Orogenic,Spain (Betics),Lamproite,54869.61,6113.88,574.0,3665.76,402.0,35.1,2052.0,425.7,207.43,99.57,22.5,78.21
Orogenic,Spain (Betics),Lamproite,62423.52,9650.34,571.0,4931.32,404.0,55.4,1825.0,886.1,239.92,132.73,26.0,87.76
Orogenic,Spain (Betics),Lamproite,76950.27,8271.72,882.0,7026.04,409.0,56.0,2756.0,598.2,207.6,112.42,33.3,85.8
Orogenic,Spain (Betics),Lamproite,70724.52,8751.24,471.0,3273.0,660.0,56.9,1572.0,992.4,258.6,130.02,30.1,95.2
Orogenic,Spain (Betics),Lamproite,64664.79,9410.58,732.0,4756.76,456.0,63.5,4187.0,984.9,269.46,145.75,28.2,95.76
Orogenic,Italy (Tuscany) V.EOM,Lamproite,63751.68,8511.48,638.0,3054.8,591.0,40.0,1154.0,764.0,310.0,115.0,30.0,143.0
Orogenic,Italy (Tuscany) V.EOM,Lamproite,65079.84,8511.48,641.0,3011.16,597.0,40.0,1185.0,777.0,321.0,118.0,30.0,143.0
Orogenic,Italy (Tuscany) V.EOM,Lamproite,64913.82,8571.42,628.0,3011.16,536.0,41.0,1198.0,796.0,319.0,119.0,30.0,145.0
Orogenic,Italy (Tuscany) V.EOM,Lamproite,61593.42,8571.42,649.0,3273.0,445.0,40.0,1177.0,787.0,309.0,120.0,29.0,141.0
Orogenic,Italy (Tuscany) V.EOM,Lamproite,66906.06,9050.94,577.0,3709.4,612.0,39.0,1400.0,749.0,352.0,119.0,24.0,148.0
Orogenic,Italy (Tuscany) V.EOM,Lamproite,65992.95,8991.0,628.0,3447.56,583.0,42.0,1280.0,887.0,365.0,100.0,30.0,139.0
Orogenic,Italy (Tuscany) V.EOM,Lamproite,65743.92,8511.48,613.0,3011.16,609.0,41.0,1224.0,797.0,338.0,121.0,32.0,141.0
Orogenic,Italy (Tuscany) V.EOM,Lamproite,61676.43,8571.42,646.0,3054.8,449.0,41.0,1175.0,787.0,315.0,109.0,29.0,149.0
Orogenic,Italy (Tuscany) V.EOM,Lamproite,66906.06,9050.94,522.0,3709.4,651.0,36.0,1003.0,569.2,284.49,87.58,17.7,103.36
Orogenic,Italy (Tuscany) V.EOM,Lamproite,62340.51,8031.96,652.0,2836.6,680.0,50.3,1204.0,808.8,355.58,123.38,23.4,140.72
Orogenic,Italy (Tuscany) V.EOM,Lamproite,62340.51,8031.96,601.0,2836.6,655.0,44.6,1100.0,738.7,336.13,107.52,22.2,129.78
Orogenic,Italy (Tuscany) V.EOM,Lamproite,64996.83,9110.88,434.0,5760.48,712.0,35.0,1250.0,521.0,215.0,116.0,31.0,83.0
Orogenic,Italy (Tuscany) V.EOM,Lamproite,65079.84,9110.88,454.0,5149.52,770.0,31.0,1200.0,502.0,206.0,118.0,40.0,78.0
Orogenic,Italy (Tuscany) V.EOM,Lamproite,65660.91,8211.78,408.0,4014.88,768.0,30.0,1370.0,491.0,206.0,112.0,28.0,79.8
Orogenic,Italy (Tuscany) V.EOM,Lamproite,80768.73,5334.66,451.0,1571.04,977.0,37.0,690.0,698.0,145.0,128.0,39.0,60.0
Orogenic,Italy (Tuscany) V.EOM,Lamproite,65660.91,8211.78,315.0,4014.88,600.0,26.2,919.0,344.4,152.27,78.59,19.6,53.71
Orogenic,Italy (Tuscany) V.EOM,Lamproite,62174.49,7132.86,447.0,5062.24,872.0,38.0,1298.0,511.0,200.16,117.54,24.7,71.92
Orogenic,Italy (Tuscany) V.EOM,Lamproite,65411.88,7432.56,379.0,5149.52,817.0,36.0,1256.0,469.8,201.36,109.18,24.1,72.93
Orogenic,Italy (Tuscany) T.A.,Lamproite,61925.46,8151.84,579.0,2356.56,399.0,29.0,1390.0,532.0,249.0,50.4,27.0,110.0
Orogenic,Italy (Tuscany) T.A.,Lamproite,62174.49,7612.38,737.0,2312.92,458.0,35.0,1292.0,655.0,257.0,63.0,32.0,94.0
Orogenic,Italy (Tuscany) T.A.,Lamproite,58522.05,7672.32,660.0,2269.28,419.0,36.0,1195.0,642.0,241.0,60.0,34.0,100.0
Orogenic,Italy (Tuscany) T.A.,Lamproite,61925.46,8151.84,648.0,2356.56,484.0,33.2,1193.0,511.7,226.5,51.92,23.2,89.09
Orogenic,Italy (Tuscany) T.A.,Lamproite,61427.4,7672.32,747.0,2356.56,526.0,38.4,1402.0,605.7,276.1,69.19,27.9,117.47
Orogenic,Italy (Tuscany) T.A.,Lamproite,51964.26,7432.56,600.0,1920.16,379.0,36.5,1155.0,515.1,216.57,53.69,28.2,89.75
Orogenic,Turkey West,Lamproite,67985.19,8031.96,1360.0,7986.12,173.0,29.5,3630.0,468.7,93.49,21.56,28.0,48.07
Orogenic,Turkey West,Lamproite,59684.19,5754.24,1758.0,6196.88,236.0,50.9,5026.0,544.8,118.53,48.23,35.4,63.5
Orogenic,Turkey West,Lc lamproite,50221.05,11928.06,1878.0,5585.92,525.0,166.0,2380.0,960.0,293.47,24.0,24.0,160.32
Orogenic,Turkey West,Lc lamproite,56778.84,9050.94,1595.0,6676.92,236.0,200.0,1971.0,1001.0,230.21,22.0,27.0,132.56
Orogenic,Turkey West,Lc lamproite,54537.57,10249.74,1582.0,6196.88,367.0,203.0,2268.0,1026.0,246.72,21.0,22.0,132.65
Orogenic,Turkey West,Lc lamproite,61095.36,9530.46,1651.0,7418.8,302.0,178.0,3105.0,929.0,339.0,17.0,20.0,178.0
Orogenic,Turkey West,Lc lamproite,61012.35,10429.56,1664.0,7418.8,293.0,184.0,3093.0,955.0,336.0,16.0,19.0,176.0
Orogenic,Turkey West,Lc lamproite,41837.04,10549.44,1485.0,5585.92,252.0,203.0,2702.0,878.0,321.0,10.0,25.0,188.0
Orogenic,Turkey West,Lamproite,59518.17,10489.5,1982.0,6109.6,261.0,166.5,2073.0,806.2,243.86,22.65,25.9,138.41
Orogenic,Turkey West,Lamproite,58273.02,10489.5,2148.0,7026.04,168.0,143.1,2146.0,753.1,220.26,20.69,24.8,123.19
Orogenic,Turkey West,Lamproite,41172.96,9590.4,1276.0,7811.56,118.0,67.3,1602.0,526.7,123.52,14.54,18.1,73.93
Orogenic,Turkey West,Lamproite,65909.94,11388.6,1651.0,7942.48,205.0,197.0,1494.0,939.2,251.5,21.11,21.6,139.63
Orogenic,Turkey West,Lamproite,52960.38,10009.98,2036.0,7855.2,180.0,185.9,3603.0,836.3,266.72,23.81,23.0,150.69
Orogenic,Turkey West,Lamproite,78942.51,7912.08,1882.0,3840.32,523.0,33.0,5147.0,602.0,190.0,38.0,31.0,96.0
Orogenic,Turkey West,Lamproite,65909.94,8511.48,1213.0,7462.44,199.0,26.0,3242.0,379.0,89.0,19.0,23.0,43.0
Orogenic,Turkey West,Lamproite,51051.15,9830.16,742.0,5280.44,198.0,30.0,1652.0,648.0,109.0,13.0,27.0,50.0
Orogenic,Turkey West,Lamproite,73878.9,6533.46,1700.0,3098.44,1128.0,25.0,4210.0,528.0,145.0,32.0,45.0,86.0
Orogenic,Turkey West,Lamproite,80602.71,6833.16,3271.0,1920.16,739.0,43.8,9350.0,740.4,223.22,62.04,31.2,132.99
Orogenic,Turkey West,Lamproite,52545.33,10549.44,2180.0,6502.36,239.0,118.0,2248.0,710.0,229.0,21.0,16.0,123.0
Orogenic,Turkey West,Lamproite,52047.27,9710.28,2326.0,9120.76,198.0,117.0,2384.0,647.0,255.0,23.0,30.0,135.0
Orogenic,Turkey West,Lamproite,51881.25,9830.16,2219.0,6851.48,209.0,120.0,2354.0,680.0,257.0,22.0,24.0,126.0
Orogenic,Turkey West,Lamproite,43497.24,8091.9,863.0,2400.2,186.0,28.0,3059.0,486.0,159.0,22.0,27.0,88.0
Orogenic,Turkey West,Lamproite,43414.23,10009.98,599.0,2182.0,283.0,14.0,445.0,526.0,122.0,11.0,14.0,53.0
Orogenic,Turkey West,Lamproite,44493.36,10549.44,510.0,2138.36,273.0,24.0,549.0,545.0,120.0,5.0,26.0,52.0
Orogenic,Turkey West,Lamproite,48975.9,4855.14,1211.0,2749.32,159.0,32.7,2388.0,270.4,102.46,47.2,20.7,60.64
Orogenic,Turkey West,Lamproite,41837.04,7072.92,1049.0,3622.12,145.0,20.5,2687.0,264.5,95.69,15.75,28.1,49.44
Orogenic,Turkey West,Lamproite,56612.82,7672.32,1133.0,6022.32,291.0,24.8,2326.0,345.0,129.79,32.66,26.1,64.09
Orogenic,Turkey West,Lamproite,40010.82,2457.54,1628.0,829.16,141.0,28.5,1965.0,396.9,180.29,39.52,20.0,99.88
Orogenic,Turkey West,Lamproite,56197.77,7432.56,1193.0,5978.68,308.0,23.0,2284.0,479.4,146.16,33.36,34.0,74.75
Orogenic,Turkey West,Lamproite,56944.86,8871.12,902.0,5062.24,254.0,44.3,1853.0,697.6,112.19,12.04,26.3,49.12
Orogenic,Turkey West,Lamproite,102185.31,5034.96,2352.0,960.08,521.0,37.3,8156.0,498.3,149.33,47.49,21.8,85.83
Orogenic,Turkey West,Lamproite,68815.29,8031.96,975.0,7549.72,110.0,14.6,2196.0,242.0,51.34,10.09,16.4,28.77
Orogenic,Turkey West,Lamproite,59933.22,10009.98,850.0,3971.24,197.0,39.5,1446.0,680.7,148.37,16.64,22.5,74.82
Orogenic,Turkey West,Lamproite,35196.24,8571.42,2509.0,5280.44,57.0,70.8,1796.0,341.3,256.19,16.5,19.5,129.72
Orogenic,Turkey West,Lamproite,36358.38,7792.2,2613.0,5847.76,45.0,59.9,1524.0,294.8,248.05,22.98,16.5,134.31
Orogenic,Turkey West,Lamproite,38931.69,10189.8,2018.0,6676.92,95.0,120.5,1471.0,458.4,221.16,15.59,19.3,118.65
Orogenic,Turkey West,Lamproite,49889.01,9230.76,1047.0,4713.12,164.0,34.3,2210.0,730.7,141.95,18.75,33.5,81.13
Orogenic,Turkey West,Lamproite,49141.92,7372.62,940.0,3534.84,245.0,37.1,2008.0,680.7,126.02,21.47,29.3,68.09
Orogenic,Turkey West,Lamproite,49141.92,7912.08,800.0,3883.96,150.0,28.5,1818.0,500.9,108.92,15.01,23.3,57.33
Orogenic,Turkey West,Lamproite,48643.86,7792.2,900.0,3796.68,192.0,34.8,2159.0,660.9,119.35,19.1,29.0,67.37
Orogenic,Turkey West,Lamproite,48560.85,7432.56,829.0,3578.48,169.0,31.0,1867.0,507.6,118.31,16.3,24.5,58.46
Orogenic,Turkey West,Lamproite,42750.15,11868.12,835.0,3883.96,250.0,37.3,1023.0,574.8,118.6,22.2,21.1,49.1
Orogenic,Turkey West,Lamproite,45738.51,11808.18,900.0,4014.88,254.0,39.7,1095.0,606.5,124.2,24.2,21.9,53.0
Orogenic,Turkey West,Lamproite,41920.05,11868.12,861.0,4058.52,249.0,40.1,1111.0,616.7,124.2,23.2,22.1,52.8
Orogenic,Turkey West,Lamproite,48062.79,8571.42,520.0,2487.48,281.0,37.7,268.0,582.9,146.64,28.31,22.5,60.5
Orogenic,Turkey West,Lamproite,45157.44,8811.18,457.0,2312.92,272.0,33.1,289.0,499.0,137.0,23.5,23.0,54.0
Orogenic,Turkey West,Lamproite,56280.78,9710.28,728.0,4189.44,220.0,34.3,1492.0,662.7,159.6,15.0,23.7,74.0
Orogenic,Turkey West,Lamproite,56114.76,9710.28,781.0,4189.44,234.0,36.4,1537.0,694.3,173.1,14.9,25.8,78.8
Orogenic,Turkey West,Lamproite,56695.83,10549.44,682.0,4407.64,223.0,35.2,1484.0,748.9,162.3,16.3,24.6,76.5
Orogenic,Turkey West,Lamproite,56612.82,10609.38,726.0,4451.28,235.0,37.2,1587.0,778.5,169.9,17.9,26.3,81.4
Orogenic,Turkey West,Lamproite,55367.67,10129.86,801.0,4102.16,229.0,34.4,1473.0,720.9,159.7,15.3,23.3,75.3
Orogenic,Turkey West,Lamproite,58688.07,9230.76,836.0,4713.12,225.0,45.0,1832.0,734.0,112.0,13.2,29.2,51.0
Orogenic,Turkey West,Lamproite,60514.29,9890.1,683.0,2836.6,282.0,43.0,1007.0,831.0,163.0,17.7,28.6,75.0
Orogenic,W Alps ,Lamproite,49307.94,6293.7,825.0,4800.4,379.0,36.1,3950.0,463.0,219.0,135.0,29.0,86.7
Orogenic,W Alps ,Lamproite,61344.39,6893.1,829.0,5542.28,395.0,34.1,4293.0,593.0,273.0,155.0,32.0,117.0
Orogenic,W Alps ,Lamproite,53707.47,7132.86,756.0,5804.12,321.0,28.3,4213.0,472.0,256.0,127.0,32.0,107.0
Orogenic,W Alps ,Lamproite,76701.24,7852.14,799.0,4931.32,555.0,34.4,3797.0,665.0,260.0,134.0,31.0,106.0
Orogenic,W Alps ,Lamproite,75290.07,7432.56,550.0,4756.76,646.0,36.4,3533.0,638.0,256.0,135.0,29.0,97.6
Orogenic,W Alps ,Lamproite,50885.13,7072.92,790.0,5062.24,317.0,32.3,4400.0,359.2,291.74,125.58,28.1,123.57
Orogenic,W Alps ,Lamproite,71388.6,7432.56,847.0,4494.92,607.0,40.0,3514.0,665.4,254.07,137.36,27.9,95.06
Orogenic,W Alps ,Lamproite,71388.6,7432.56,847.0,4494.92,607.0,40.0,3514.0,665.4,254.07,137.36,27.9,95.06
Orogenic,W Alps ,Lamproite,59684.19,6353.64,821.0,4887.68,408.0,50.1,4406.0,732.9,300.48,162.53,32.7,124.85
Orogenic,W Alps ,Lamproite,50885.13,7072.92,790.0,5062.24,317.0,32.3,4400.0,359.2,291.74,125.58,28.1,123.57
Orogenic,France (Corsica - Sisco),Lamproite,84255.15,12887.1,847.0,2880.24,342.0,66.0,1230.0,1384.0,333.0,53.0,25.0,188.0
Orogenic,France (Corsica - Sisco),Lamproite,87077.49,14205.78,812.0,3578.48,343.0,66.0,1267.0,1351.0,302.0,41.0,26.0,183.0
Orogenic,France (Corsica - Sisco),Lamproite,85915.35,13846.14,681.0,3316.64,317.0,48.0,925.0,906.0,301.7,36.8,16.0,135.0
Orogenic,France (Corsica - Sisco),Lamproite,88820.7,14085.9,847.0,3098.44,376.0,64.0,1329.0,1302.0,344.0,43.0,27.0,193.0
Orogenic,France (Corsica - Sisco),Lamproite,89069.73,13606.38,640.0,2923.88,318.0,55.0,1450.0,1040.0,367.0,37.9,19.0,183.0
Orogenic,France (Corsica - Sisco),Lamproite,89069.73,13606.38,681.0,2923.88,317.0,57.8,925.0,995.9,301.7,36.82,16.3,135.02
Orogenic,Greece,Lamproite,30879.72,6413.58,759.0,4844.04,116.0,24.1,2520.0,322.0,67.4,14.3,17.0,30.6
Orogenic,Greece,Lamproitic rock,28804.47,5694.3,797.0,2749.32,134.0,20.4,2160.0,285.0,86.5,18.0,22.0,45.4
Orogenic,Greece,Lamproitic rock,41089.95,6953.04,538.0,2487.48,239.0,38.0,1130.0,407.0,126.0,34.5,20.0,53.8
Orogenic,Greece,Lamproitic rock,14277.72,4075.92,564.0,741.88,57.0,8.7,1090.0,98.0,47.7,8.3,18.0,25.5
Orogenic,Greece,Lamproitic rock,14858.79,5334.66,464.0,1527.4,78.0,10.6,927.0,120.0,33.9,6.5,17.0,16.2
Orogenic,Greece,Lamproitic rock,20918.52,6653.34,602.0,2923.88,71.0,24.2,1530.0,206.0,52.7,11.6,18.0,24.8
Orogenic,Greece,Lamproitic rock,13696.65,4015.98,574.0,829.16,54.0,11.3,830.0,122.0,46.5,9.5,7.0,23.7
Orogenic,Greece,Lamproitic rock,35113.23,2697.3,234.0,349.12,211.0,21.8,1530.0,375.0,173.0,51.9,25.0,95.3
Orogenic,Pannonian Basin,Lamproite,71969.67,17922.06,868.0,9382.6,205.0,68.0,2750.0,1243.0,258.0,16.3,21.54,125.0
Orogenic,China,Lamproite,37105.47,10069.92,1421.0,4233.08,790.0,47.3,3340.0,974.0,452.0,130.7,25.0,200.0
Orogenic,China,Lamproite,60846.33,9710.28,1564.0,3316.64,550.0,48.8,3931.0,994.0,456.0,131.9,25.2,200.0
Orogenic,China,Lamproite,66574.02,9470.52,1196.0,2923.88,576.0,34.0,2531.0,784.0,337.0,150.8,25.4,138.0
Orogenic,China,Lamproite,58023.99,8691.3,1633.0,3796.68,391.0,34.9,3452.0,962.0,364.0,112.0,25.8,165.0
Orogenic,China,Lamproite,52628.34,8571.42,1260.0,3927.6,611.0,46.4,3051.0,783.0,359.0,183.1,23.9,154.0
Orogenic,China,Lamproite,66823.05,9650.34,1207.0,3011.16,598.0,34.5,2537.0,787.0,329.0,152.0,24.1,133.0
Orogenic,China,Lamproite,68151.21,6353.64,1004.0,3054.8,939.0,54.2,2835.0,966.0,397.0,224.3,28.6,156.0
Orogenic,China,Lamproite,76120.17,7312.68,1370.0,2531.12,441.0,63.0,2369.0,990.0,469.0,145.1,19.9,241.0
Orogenic,China,Lamproite,72550.74,5514.48,930.0,2225.64,442.0,56.5,2869.0,340.0,418.0,153.0,16.9,204.0
Orogenic,China,Lamproite,67238.1,9590.4,810.0,5324.08,880.0,73.2,2989.0,1101.0,351.0,204.4,36.1,139.0
Orogenic,China,Lamproite,65743.92,9710.28,798.0,5324.08,702.0,68.5,2939.0,893.0,352.0,187.6,34.9,138.0
Orogenic,China,Lamproite,68815.29,9950.04,704.0,4625.84,784.0,66.3,2498.0,806.0,334.0,154.0,32.2,139.0
Orogenic,China,Lamproite,62257.5,9170.82,660.0,4058.52,712.0,54.9,2134.0,834.0,290.0,166.6,29.6,123.0
Orogenic,China,Lamproite,63253.62,9050.94,739.0,4102.16,781.0,57.9,2346.0,884.0,310.0,202.3,32.9,133.0
Orogenic,China,Lamproite,68068.2,9110.88,688.0,3927.6,785.0,70.7,2151.0,917.0,329.0,184.1,32.7,143.0
Orogenic,China,Lamproite,66740.04,9530.46,844.0,5498.64,871.0,65.8,3167.0,983.0,347.0,219.1,35.5,140.0
Orogenic,China,Lamproite,68649.27,9590.4,1072.0,5236.8,564.0,73.8,3819.0,1000.0,344.0,202.3,35.4,141.0
Orogenic,China,Lamproite,69396.36,9710.28,911.0,6022.32,538.0,70.9,3336.0,935.0,361.0,213.5,35.6,135.0
Orogenic,China,Lamproite,71471.61,9770.22,861.0,5498.64,529.0,75.0,3263.0,965.0,354.0,139.3,35.5,139.0
Orogenic,China,Lamproite,63917.7,9590.4,855.0,5760.48,811.0,50.4,3287.0,749.0,336.0,231.7,34.5,138.0
Orogenic,China,Lamproite,69064.32,9650.34,790.0,5062.24,795.0,80.6,2968.0,853.0,361.0,198.6,37.4,140.0
Orogenic,Peru,Lamproite,65909.94,9050.94,928.0,5062.24,658.0,34.0,5180.0,755.0,223.0,104.0,32.0,88.0
Orogenic,Canada,Lamproite,88654.68,10309.68,2162.0,7986.12,406.0,24.1,5109.0,440.0,226.5,43.3,21.3,104.7
Orogenic,Canada,Lamproite,74376.96,8511.48,1919.0,6720.56,327.0,21.8,4333.0,436.0,215.9,40.5,23.7,94.6
Orogenic,Macedonia,Lamproite,28721.46,8211.78,921.0,5367.72,185.0,25.0,1593.0,296.3,83.97,21.93,25.7,41.8
Orogenic,Macedonia,Lamproite,28721.46,8211.78,921.0,5367.72,185.0,25.0,1593.0,296.3,83.97,21.21,25.7,41.8
Orogenic,Macedonia,Lamproite,33785.07,7072.92,978.0,5629.56,72.0,25.9,1946.0,287.0,87.63,21.83,23.5,43.93
Orogenic,Macedonia,Lamproite,30215.64,5634.36,1178.0,4538.56,294.0,22.4,1559.0,273.2,110.16,25.12,24.9,56.61
Orogenic,Macedonia,Lamproite,50553.09,8211.78,986.0,6458.72,169.0,25.4,2063.0,431.0,124.21,42.91,20.5,54.79
Orogenic,Macedonia,Lamproite,49806.0,8571.42,957.0,6284.16,224.0,26.7,1975.0,440.2,122.33,44.81,20.2,54.05
Orogenic,Macedonia,Lamproite,57774.96,7072.92,1055.0,6982.4,257.0,21.2,2528.0,324.1,73.58,21.15,22.6,35.77
Orogenic,Macedonia,Lamproite,57359.91,7072.92,1080.0,7156.96,259.0,21.2,2579.0,307.7,80.67,24.67,22.5,37.59
Orogenic,Macedonia,Lamproite,56114.76,6773.22,1113.0,6938.76,217.0,20.3,2463.0,314.8,77.89,21.73,23.6,38.32
Orogenic,Macedonia,Lamproite,51300.18,6653.34,1186.0,6851.48,278.0,19.5,2393.0,300.5,71.46,22.94,21.3,34.16
Orogenic,Macedonia,Lamproite,57359.91,7072.92,1080.0,7156.96,259.0,21.2,2579.0,307.7,80.67,24.67,22.5,37.59
Orogenic,Macedonia,Lamproite,56529.81,7012.98,1031.0,7156.96,267.0,20.8,2422.0,307.0,77.37,23.35,22.5,36.44
Orogenic,Macedonia,Lamproite,56446.8,7072.92,1040.0,7113.32,300.0,20.0,2418.0,298.3,76.25,22.57,22.2,35.99
Orogenic,Macedonia,Lamproite,57774.96,7072.92,1055.0,6982.4,257.0,21.2,2528.0,324.1,73.58,21.15,22.6,35.77
Orogenic,Macedonia,Lamproite,59518.17,6893.1,1055.0,7200.6,244.0,20.7,2542.0,317.1,76.03,21.96,22.4,36.61
Orogenic,Macedonia,Lamproite,56280.78,6893.1,1061.0,7156.96,257.0,21.3,2441.0,316.0,75.83,20.63,22.3,36.16
Orogenic,Macedonia,Lamproite,54786.6,6833.16,1027.0,6895.12,284.0,21.0,2356.0,318.4,73.94,20.95,22.6,35.9
Orogenic,Macedonia,Lamproite,55865.73,6833.16,987.0,6851.48,248.0,21.1,2295.0,300.3,77.56,24.1,22.8,36.48
Orogenic,Macedonia,Lamproite,55035.63,6953.04,1105.0,7200.6,344.0,22.1,2554.0,313.9,79.6,24.15,22.3,37.32
Orogenic,Macedonia,Lamproite,48892.89,6713.28,1452.0,4625.84,224.0,23.4,2446.0,487.1,200.11,64.27,24.4,90.84
Orogenic,Macedonia,Lamproite,46900.65,7192.8,1424.0,5193.16,277.0,22.3,2506.0,503.6,210.52,70.27,24.8,91.84
Orogenic,Macedonia,Lamproite,48892.89,6713.28,1452.0,4625.84,224.0,23.4,2446.0,487.1,200.11,64.27,24.4,90.84
Orogenic,Macedonia,Lamproite,46900.65,6533.46,1403.0,4582.2,216.0,20.9,2326.0,436.5,199.06,59.79,23.1,87.25
Orogenic,Macedonia,Lamproite,48892.89,6653.34,1531.0,4844.04,231.0,23.5,2576.0,501.5,214.39,71.61,26.0,98.51
Orogenic,Macedonia,Lamproite,47730.75,6653.34,1458.0,4800.4,219.0,23.1,2419.0,484.6,207.18,64.16,26.5,94.88
Orogenic,Macedonia,Lamproite,51051.15,7012.98,1520.0,4931.32,254.0,25.6,2663.0,548.1,215.17,72.09,29.9,123.15
Orogenic,Macedonia,Lamproite,43248.21,7132.86,1324.0,7156.96,194.0,27.8,2398.0,357.4,118.89,29.53,27.9,59.34
Orogenic,Macedonia,Lamproite,44078.31,7132.86,1308.0,7156.96,226.0,26.8,2356.0,339.7,116.53,27.49,27.5,57.65
Orogenic,Macedonia,Lamproite,28970.49,15464.52,1369.0,8247.96,224.0,30.7,4132.0,466.3,195.84,24.94,21.6,104.57
Orogenic,Macedonia,Lamproite,51881.25,13306.68,1525.0,7418.8,342.0,30.8,4102.0,423.7,232.29,22.82,22.1,117.68
Orogenic,Macedonia,Lamproite,54620.58,14145.84,1505.0,7549.72,414.0,31.5,4253.0,433.4,214.36,22.58,21.3,107.81
Orogenic,Macedonia,Lamproite,52130.28,13126.86,1530.0,7331.52,283.0,29.9,4006.0,425.4,230.36,25.49,22.7,119.35
Orogenic,Macedonia,Lamproite,32622.93,5214.78,641.0,2443.84,136.0,19.5,1247.0,206.5,85.61,12.39,17.0,37.67
Orogenic,Macedonia,Lamproite,52794.36,13366.62,1474.0,7331.52,360.0,32.9,3968.0,385.7,228.12,23.03,21.3,106.12
Orogenic,Macedonia,Lamproite,24819.99,15164.82,1127.0,8160.68,294.0,32.6,3720.0,411.6,211.49,20.14,20.7,96.69
Orogenic,Macedonia,Lamproite,28223.4,14325.66,1148.0,8029.76,304.0,33.7,3153.0,412.8,217.79,22.5,22.0,102.21
Orogenic,Macedonia,Lamproite,55035.63,6953.04,1105.0,7200.6,344.0,22.1,2554.0,313.9,79.6,24.15,22.3,37.32
Orogenic,Macedonia,Lamproite,51632.22,6953.04,995.0,7026.04,251.0,19.7,2436.0,295.2,78.26,24.0,22.2,37.55
Orogenic,Macedonia,Lamproite,49806.0,8571.42,957.0,6284.16,224.0,26.7,1975.0,440.2,122.33,44.81,20.2,54.05
Orogenic,Macedonia,Lamproite,50553.09,8211.78,986.0,6458.72,169.0,25.4,2063.0,431.0,124.21,42.91,20.5,54.79
Orogenic,Macedonia,Lamproite,51964.26,8751.24,1075.0,6327.8,330.0,28.3,2317.0,470.2,136.71,45.85,21.6,60.67
Orogenic,Macedonia,Lamproite,49889.01,8631.36,976.0,6327.8,223.0,24.0,2042.0,411.3,119.51,39.27,19.9,51.85
Orogenic,Macedonia,Lamproite,39512.76,8391.6,953.0,6153.24,280.0,25.2,2028.0,415.2,106.12,41.25,17.5,46.5
Orogenic,Macedonia,Lamproite,43248.21,7132.86,1324.0,7156.96,194.0,27.8,2398.0,357.4,118.89,29.53,27.9,59.34
Orogenic,Macedonia,Lamproite,44078.31,7132.86,1308.0,7156.96,226.0,26.8,2356.0,339.7,116.53,27.49,27.5,57.65
Orogenic,Macedonia,Lamproite,27144.27,8631.36,1961.0,4145.8,108.0,23.0,2577.0,281.0,212.84,30.16,24.0,115.1
Orogenic,Macedonia,Lamproite,30215.64,5634.36,1178.0,4538.56,294.0,22.4,1559.0,273.2,110.16,25.12,24.9,56.61
Orogenic,Macedonia,Lamproite,56612.82,8631.36,1091.0,6196.88,372.0,27.0,2292.0,478.0,126.0,52.0,21.0,56.0
Orogenic,Macedonia,Lamproite,50387.07,12827.16,1712.0,7549.72,389.0,34.0,4189.0,409.0,248.0,28.9,26.0,135.0
Orogenic,Macedonia,Lamproite,46900.65,3356.64,1067.0,3142.08,238.0,18.0,1785.0,222.0,111.0,39.5,21.0,66.0
Orogenic,Macedonia,Lamproite,46734.63,7192.8,1624.0,4974.96,217.0,24.0,2813.0,528.0,222.0,76.5,26.0,109.0
Orogenic,Macedonia,Lamproite,43580.25,5394.6,1392.0,4844.04,234.0,26.0,2578.0,308.0,127.0,32.6,24.0,74.0
Orogenic,Macedonia,Lamproite,51466.2,8511.48,1687.0,6196.88,316.0,25.0,3496.0,501.0,227.0,56.1,25.0,110.0
Orogenic,Macedonia,Lamproite,46900.65,4315.68,774.0,3927.6,339.0,18.0,1027.0,275.0,63.0,28.6,25.0,36.0
Orogenic,Macedonia,Lamproite,58190.01,6893.1,1141.0,7069.68,360.0,21.0,2833.0,312.0,85.0,25.7,25.0,44.0
Orogenic,Macedonia,Lamproite,56612.82,6833.16,1120.0,6764.2,389.0,22.0,2581.0,310.0,72.0,29.0,23.0,36.0
Orogenic,Macedonia,Lamproite,57359.91,7132.86,1269.0,7506.08,362.0,23.0,2711.0,315.0,85.0,25.6,24.0,46.0
Orogenic,Macedonia,Lamproite,33204.0,5814.18,1487.0,5018.6,188.0,24.0,1927.0,289.0,141.0,30.2,26.0,76.0
Orogenic,Macedonia,Lamproite,22329.69,6773.22,1064.0,5542.28,967.0,25.0,1730.0,279.0,89.0,21.9,23.0,51.0
Orogenic,Macedonia,Lamproite,46734.63,5514.48,975.0,6720.56,159.0,15.0,2188.0,226.0,75.0,18.9,20.0,42.0
Orogenic,Macedonia,Lamproite,47647.74,7252.74,1548.0,4058.52,399.0,17.0,2430.0,360.0,106.0,32.0,22.0,52.0
Orogenic,Macedonia,Lamproite,69064.32,7012.98,5083.0,1963.8,1046.0,26.0,3380.0,336.0,168.0,49.4,31.0,88.0
Orogenic,Macedonia,Lamproite,25567.08,13006.98,933.0,3840.32,163.0,61.0,3511.0,988.0,186.0,36.0,17.0,97.0
Orogenic,Macedonia,Lamproite,25152.03,12467.52,1101.0,4276.72,85.0,53.0,3268.0,897.0,158.0,28.8,20.0,81.0
Orogenic,Serbia,Lamproite,36192.36,8691.3,538.0,2269.28,180.0,33.4,731.0,562.8,143.27,39.74,21.8,57.7
Orogenic,Serbia,Lamproite,24072.9,13186.8,746.0,3447.56,148.0,56.3,3204.0,835.5,185.33,31.02,16.7,80.64
Orogenic,Serbia,Lamproite,54371.55,8571.42,1165.0,2967.52,278.0,32.0,1160.0,691.0,203.0,41.9,42.0,98.8
Orogenic,Serbia,Lamproite,35362.26,5334.66,1250.0,5716.84,119.0,14.0,2060.0,214.7,73.1,18.2,26.0,37.2
Orogenic,Serbia,Lamproite,38350.62,8811.18,793.0,2836.6,170.0,36.0,1268.0,673.7,183.04,58.09,22.8,76.42
Orogenic,Serbia,Lamproite,10210.23,8631.36,740.0,3011.16,319.0,30.3,1953.0,546.5,197.6,50.6,56.0,82.2
Orogenic,Serbia,Lamproite,54039.51,6473.52,307.0,2880.24,260.0,34.3,1853.0,477.6,154.0,18.5,21.0,62.8
Orogenic,Bulgaria,Lamproite,65494.89,7612.38,671.0,6589.64,409.0,35.0,3580.0,428.0,130.0,49.3,26.6,60.7
Orogenic,Bulgaria,Lamproite,62589.54,9350.64,630.0,8684.36,402.0,32.0,3380.0,272.0,139.0,53.2,28.4,65.0
Orogenic,Bulgaria,Lamproite,63751.68,7492.5,748.0,7418.8,374.0,31.5,3825.0,296.0,198.0,37.3,36.1,91.1
Orogenic,Bohemian Massif,Lamproite,83010.0,14565.42,1400.0,5629.56,447.0,52.2,2720.0,2070.0,223.0,274.0,35.9,93.2
Orogenic,Bohemian Massif,Lamproite,83840.1,11988.0,917.0,4276.72,370.0,69.8,1130.0,1420.0,271.0,155.0,34.9,104.0
Orogenic,Bohemian Massif,Lamproite,62755.56,5454.54,2420.0,6065.96,185.0,19.6,6590.0,512.0,487.0,52.3,31.0,231.0
Orogenic,Bohemian Massif,Lamproite,74542.98,6713.28,2480.0,5673.2,139.0,15.1,5050.0,531.0,496.0,30.4,23.4,250.0
Orogenic,Bohemian Massif,Lamproite,79108.53,13366.62,2380.0,11128.2,235.0,58.5,5890.0,1450.0,478.0,83.6,45.9,222.0
Orogenic,Bohemian Massif,Lamproite,78859.5,10669.32,1360.0,8553.44,294.0,34.1,5300.0,854.0,259.0,76.7,25.5,126.0
Orogenic,Bohemian Massif,Lamproite,59767.2,4675.32,1180.0,4931.32,267.0,49.3,5050.0,350.0,214.0,73.8,26.8,100.0
Orogenic,Bohemian Massif,Lamproite,68815.29,3296.7,1030.0,4407.64,271.0,38.1,4730.0,272.0,170.0,62.1,23.4,81.5
Orogenic,Bohemian Massif,Lamproite,64166.73,3296.7,1230.0,3753.04,173.0,26.9,3620.0,220.0,165.0,56.3,24.6,81.4
Orogenic,Bohemian Massif,Lamproite,87990.6,5634.36,1040.0,4974.96,358.0,132.0,4540.0,1700.0,391.0,236.0,29.2,169.0
Orogenic,Bohemian Massif,Lamproite,88820.7,5034.96,490.0,2705.68,373.0,108.0,2070.0,1640.0,215.0,230.0,26.2,101.0
Orogenic,Bohemian Massif,Lamproite,92141.1,8811.18,1460.0,2662.04,327.0,110.0,3550.0,1700.0,432.0,48.2,19.7,197.0
Orogenic,Bohemian Massif,Lamproite,78693.48,8151.84,1410.0,2618.4,309.0,136.0,5600.0,1601.0,475.0,127.0,32.9,228.0
Orogenic,Bohemian Massif,Lamproite,79108.53,13366.62,2379.8,11128.2,235.3,58.5,5888.0,1448.1,478.1,83.6,45.9,222.6
Orogenic,Bohemian Massif,Lamproite,75622.11,13786.2,1953.7,9382.6,227.4,57.2,1885.0,1481.1,429.0,44.2,44.1,203.2
Anorogenic,Australia,Lamproite,57193.89,27212.76,1344.0,3753.04,338.0,98.0,3183.0,1146.0,323.0,19.5,15.0,185.0
Anorogenic,Australia,Lamproite,42667.14,27392.58,1385.0,3360.28,376.0,110.0,3377.0,1073.0,293.0,25.0,23.0,182.0
Anorogenic,Australia,Lamproite,41671.02,28291.68,1382.0,3229.36,647.0,96.0,7206.0,1092.0,294.0,18.4,17.0,164.0
Anorogenic,Australia,Lamproite,13364.61,29490.48,1362.0,3534.84,329.0,113.0,3065.0,1077.0,370.0,21.7,19.0,207.0
Anorogenic,Australia,Olivine-Leucite-Diopside Lamproite,57193.89,27212.76,1344.0,3753.04,338.0,98.0,3183.0,1146.0,323.0,19.5,15.0,185.0
Anorogenic,Australia,Olivine-Leucite-Diopside Lamproite,42667.14,27392.58,1385.0,3360.28,376.0,110.0,3377.0,1073.0,293.0,25.0,23.0,182.0
Anorogenic,Australia,Leucite Lamproite,41671.02,28291.68,1382.0,3229.36,647.0,96.0,7206.0,1092.0,294.0,18.4,17.0,164.0
Anorogenic,Australia,Olivine-Leucite-Diopside Lamproite,13364.61,29490.48,1362.0,3534.84,329.0,113.0,3065.0,1077.0,370.0,21.7,19.0,207.0
Anorogenic,Australia,Lamproite,40259.85,16783.2,1041.0,4102.16,288.0,194.0,1579.0,590.0,249.0,18.0,20.0,123.0
Anorogenic,Australia,Lamproite,48643.86,18221.76,755.0,4451.28,208.0,217.0,2368.0,888.0,239.0,17.0,23.0,104.0
Anorogenic,Australia,Lamproite,93220.23,38481.48,1999.0,10342.68,711.0,244.0,4124.0,2340.0,967.0,57.0,37.0,589.0
Anorogenic,Australia,Lamproite,61178.37,45134.82,1996.0,8815.28,653.0,299.0,17084.0,2472.0,1045.0,74.0,38.0,486.0
Anorogenic,Australia,Lamproite,73961.91,48731.22,1722.0,8640.72,694.0,308.0,11273.0,2611.0,1734.0,102.0,38.0,716.0
Anorogenic,Australia,Lamproite,54205.53,40998.96,1897.0,5978.68,666.0,254.0,22076.0,2102.0,719.0,55.0,33.0,336.0
Anorogenic,Australia,Lamproite,64166.73,35064.9,1640.0,7593.36,342.0,151.0,7149.0,1926.0,718.0,35.0,15.0,385.0
Anorogenic,Australia,Lamproite,81598.83,39860.1,1875.0,9033.48,649.0,276.0,21947.0,1831.0,510.0,59.0,29.0,520.0
Anorogenic,Australia,Lamproite,82594.95,31828.14,996.0,7462.44,259.0,116.0,15.46,1467.0,570.0,27.0,19.0,386.0
Anorogenic,Australia,Lamproite,89650.8,33206.76,1254.0,6153.24,318.0,129.0,5716.0,1633.0,749.0,28.0,18.0,435.0
Anorogenic,Australia,Lamproite,80851.74,35184.78,1625.0,7986.12,404.0,138.0,8002.0,1939.0,767.0,33.0,34.0,488.0
Anorogenic,Australia,Lamproite,83010.0,34285.68,1930.0,5978.68,315.0,135.0,12059.0,1865.0,789.0,27.0,19.0,441.0
Anorogenic,Australia,Lamproite,86330.4,33866.1,1861.0,5455.0,341.0,132.0,15264.0,1784.0,769.0,32.0,19.0,473.0
Anorogenic,Australia,Lamproite,70392.48,44115.84,1600.0,6284.16,550.0,300.0,7970.0,1800.0,950.0,30.0,40.0,600.0
Anorogenic,Australia,Lamproite,36026.34,27752.22,1613.0,6284.16,538.0,259.0,4906.0,1371.0,669.0,98.0,29.0,511.0
Anorogenic,Australia,Lamproite,54454.56,19180.8,1700.0,11826.44,400.0,150.0,17020.0,1200.0,700.0,60.0,27.0,450.0
Anorogenic,Australia,Lamproite,47232.69,22837.14,1491.0,7244.24,554.0,181.0,8071.0,1470.0,926.0,64.0,17.0,512.0
Anorogenic,Australia,Lamproite,40591.89,20439.54,1455.0,7156.96,383.0,166.0,11986.0,1244.0,783.0,52.0,16.0,449.0
Anorogenic,Australia,Lamproite,43663.26,21218.76,1430.0,7898.84,607.0,175.0,7317.0,1378.0,888.0,62.0,14.0,471.0
Anorogenic,Australia,Lamproite,30132.63,23316.66,1271.0,6502.36,392.0,159.0,16187.0,1163.0,622.0,43.0,13.0,393.0
Anorogenic,Australia,Lamproite,34034.1,16063.92,959.0,2705.68,386.0,118.0,10093.0,564.0,261.0,18.0,16.0,185.0
Anorogenic,Australia,Lamproite,64249.74,32427.54,1075.0,2792.96,1459.0,123.0,31447.0,1238.0,368.0,14.0,19.0,308.0
Anorogenic,Australia,Lamproite,39346.74,19960.02,1341.0,12437.4,751.0,224.0,13465.0,723.0,742.0,58.0,19.0,372.0
Anorogenic,Australia,Lamproite,41089.95,19840.14,1284.0,6982.4,500.0,232.0,27674.0,807.0,591.0,68.0,19.0,366.0
Anorogenic,Australia,Lamproite,30713.7,18341.64,1075.0,6153.24,500.0,197.0,23990.0,777.0,556.0,51.0,14.0,396.0
Anorogenic,Australia,Lamproite,26231.16,19120.86,1124.0,7069.68,447.0,199.0,12825.0,843.0,680.0,57.0,16.0,400.0
Anorogenic,Australia,Lamproite,54039.51,19180.8,943.0,4931.32,494.0,168.0,9416.0,902.0,767.0,72.0,19.0,427.0
Anorogenic,Australia,Lamproite,34200.12,20859.12,1359.0,7244.24,526.0,188.0,12286.0,958.0,763.0,68.0,17.0,437.0
Anorogenic,Australia,Lamproite,54371.55,35604.36,1296.0,10779.08,373.0,283.0,9954.0,1914.0,1173.0,72.0,29.0,648.0
Anorogenic,Australia,Lamproite,48643.86,31348.62,1140.0,6851.48,261.0,180.0,9048.0,1129.0,600.0,53.0,17.0,335.0
Anorogenic,Australia,Lamproite,36275.37,29490.48,1833.0,7287.88,527.0,309.0,24572.0,1525.0,760.0,83.0,37.0,419.0
Anorogenic,Australia,Lamproite,71969.67,33686.28,1398.0,3883.96,331.0,154.0,18.07,1287.0,491.0,31.0,21.0,285.0
Anorogenic,Australia,Lamproite,70807.53,33985.98,1538.0,5411.36,1060.0,94.0,11485.0,1371.0,463.0,24.0,14.0,304.0
Anorogenic,Australia,Lamproite,77033.28,32247.72,1084.0,4451.28,238.0,93.0,8325.0,1280.0,463.0,17.0,16.0,323.0
Anorogenic,Australia,Lamproite,75954.15,41118.84,1078.0,3054.8,398.0,136.0,11968.0,1491.0,386.0,26.0,21.0,324.0
Anorogenic,Australia,Lamproite,116629.05,3716.28,82.0,392.76,424.0,13.0,6113.0,186.0,115.0,18.0,16.0,165.0
Anorogenic,Australia,Lamproite,54786.6,22717.26,1601.0,6633.28,192.0,167.0,11523.0,1079.0,783.0,52.0,28.0,552.0
Anorogenic,Australia,Lamproite,73048.8,33985.98,777.0,3273.0,341.0,166.0,11253.0,1225.0,355.0,27.0,15.0,245.0
Anorogenic,Australia,Lamproite,69479.37,34645.32,835.0,4189.44,328.0,181.0,9660.0,1233.0,325.0,27.0,16.0,212.0
Anorogenic,Australia,Lamproite,96872.67,35364.6,1416.0,6589.64,245.0,117.0,8.56,1147.0,450.0,23.0,19.0,317.0
Anorogenic,Australia,Lamproite,77697.36,36803.16,1196.0,3971.24,338.0,122.0,16710.0,1250.0,303.0,16.0,18.0,295.0
Anorogenic,Australia,Lamproite,72882.78,32487.48,924.0,3011.16,219.0,108.0,10089.0,989.0,290.0,18.0,13.0,269.0
Anorogenic,Australia,Lamproite,74044.92,40879.08,1040.0,6022.32,287.0,150.0,16411.0,1192.0,400.0,27.0,19.0,351.0
Anorogenic,Australia,Lamproite,69728.4,24994.98,1038.0,4058.52,512.0,81.0,7158.0,927.0,266.0,17.0,7.0,172.0
Anorogenic,Australia,Lamproite,80187.66,39979.98,1120.0,6502.36,446.0,227.0,7222.0,1618.0,1028.0,64.0,36.0,637.0
Anorogenic,Australia,Lamproite,64581.78,30809.16,1139.0,5018.6,316.0,148.0,11516.0,1167.0,261.0,30.0,20.0,201.0
Anorogenic,Australia,Lamproite,68151.21,29610.36,1130.0,5236.8,293.0,130.0,5245.0,1026.0,225.0,26.0,19.0,174.0
Anorogenic,Australia,Lamproite,87824.58,40819.14,914.0,6982.4,271.0,167.0,14445.0,1301.0,410.0,35.0,30.0,311.0
Anorogenic,Australia,Lamproite,77697.36,32547.42,1104.0,2662.04,182.0,102.0,6084.0,1102.0,461.0,23.0,18.0,229.0
Anorogenic,Australia,Lamproite,60846.33,31468.5,1084.0,4407.64,135.0,134.0,7542.0,1240.0,390.0,21.0,21.0,218.0
Anorogenic,Australia,Lamproite,70641.51,32067.9,1192.0,5105.88,525.0,134.0,9401.0,1066.0,291.0,28.0,17.0,214.0
Anorogenic,Australia,Lamproite,85085.25,39740.22,1111.0,4407.64,228.0,131.0,4461.0,1270.0,469.0,16.0,23.0,371.0
Anorogenic,Australia,Lamproite,60265.26,27812.16,954.0,2094.72,143.0,107.0,6148.0,1042.0,357.0,18.0,17.0,197.0
Anorogenic,Australia,Lamproite,71886.66,34345.62,1174.0,2443.84,177.0,141.0,14094.0,1263.0,449.0,23.0,19.0,246.0
Anorogenic,Australia,Lamproite,88654.68,41118.84,1285.0,5193.16,267.0,119.0,5534.0,1199.0,430.0,24.0,15.0,331.0
Anorogenic,Australia,Lamproite,96374.61,40219.74,1099.0,6502.36,262.0,124.0,5871.0,1167.0,507.0,23.0,22.0,348.0
Anorogenic,Australia,Lamproite,89816.82,42917.04,731.0,8422.52,273.0,136.0,7699.0,1206.0,528.0,21.0,34.0,434.0
Anorogenic,Australia,Lamproite,74709.0,38661.3,1420.0,3142.08,268.0,110.0,14027.0,1214.0,560.0,20.0,15.0,286.0
Anorogenic,Australia,Lamproite,76867.26,39860.1,1420.0,2705.68,275.0,147.0,12763.0,1399.0,539.0,23.0,21.0,296.0
Anorogenic,Australia,Lamproite,88820.7,35304.66,1393.0,2705.68,284.0,114.0,11723.0,1030.0,459.0,21.0,18.0,351.0
Anorogenic,Australia,Lamproite,86911.47,37342.62,1530.0,6153.24,380.0,177.0,8530.0,1493.0,778.0,28.0,27.0,411.0
Anorogenic,Australia,Lamproite,95046.45,42077.88,1337.0,6327.8,381.0,139.0,6351.0,1217.0,585.0,22.0,27.0,419.0
Anorogenic,Australia,Lamproite,72135.69,34045.92,1254.0,2312.92,243.0,118.0,8167.0,1235.0,419.0,22.0,19.0,228.0
Anorogenic,Australia,Lamproite,80270.67,37042.92,1190.0,2836.6,203.0,134.0,11190.0,1311.0,437.0,23.0,21.0,242.0
Anorogenic,Australia,Lamproite,73629.87,30809.16,1269.0,4669.48,224.0,103.0,10193.0,1030.0,420.0,18.0,19.0,381.0
Anorogenic,Australia,Lamproite,78195.42,39140.82,1190.0,3709.4,237.0,91.0,9832.0,1029.0,308.0,19.0,16.0,298.0
Anorogenic,Australia,Lamproite,93137.22,33926.04,1033.0,3142.08,322.0,129.0,10105.0,1215.0,552.0,25.0,18.0,409.0
Anorogenic,Australia,Lamproite,85500.3,31528.44,1085.0,3534.84,252.0,106.0,6652.0,1014.0,479.0,17.0,17.0,342.0
Anorogenic,Australia,Lamproite,87160.5,30929.04,1229.0,8684.36,277.0,112.0,7265.0,1108.0,548.0,23.0,23.0,418.0
Anorogenic,Australia,Lamproite,80519.7,35484.48,1086.0,4233.08,305.0,98.0,11666.0,1103.0,403.0,17.0,16.0,337.0
Anorogenic,Australia,Lamproite,76950.27,36623.34,1057.0,3447.56,313.0,94.0,12363.0,1129.0,394.0,16.0,20.0,317.0
Anorogenic,Australia,Lamproite,85998.36,38541.42,1166.0,2880.24,236.0,100.0,9509.0,1107.0,332.0,23.0,17.0,235.0
Anorogenic,Australia,Lamproite,81266.79,33566.4,1119.0,1701.96,192.0,95.0,8758.0,1007.0,291.0,20.0,16.0,197.0
Anorogenic,Australia,Lamproite,85417.29,38121.84,1191.0,2400.2,248.0,132.0,9622.0,1300.0,446.0,23.0,22.0,241.0
Anorogenic,Australia,Lamproite,86413.41,46333.62,1369.0,2531.12,374.0,148.0,11233.0,1591.0,459.0,21.0,21.0,250.0
Anorogenic,Australia,Lamproite,90065.85,46213.74,1238.0,2487.48,351.0,146.0,14678.0,1595.0,489.0,21.0,20.0,266.0
Anorogenic,Australia,Lamproite,94797.42,33985.98,1712.0,5149.52,308.0,177.0,8678.0,1354.0,764.0,27.0,31.0,436.0
Anorogenic,Australia,Lamproite,61842.45,31588.38,1398.0,4538.56,252.0,164.0,9001.0,1234.0,365.0,25.0,25.0,233.0
Anorogenic,Australia,Lamproite,82677.96,36743.22,1466.0,4189.44,296.0,168.0,15896.0,1346.0,479.0,27.0,21.0,259.0
Anorogenic,Australia,Lamproite,48062.79,23976.0,812.0,1178.28,543.0,105.0,32132.0,1057.0,649.0,37.0,7.0,441.0
Anorogenic,Australia,Lamproite,64581.78,24875.1,1223.0,10648.16,582.0,107.0,15312.0,1598.0,177.0,23.0,9.0,148.0
Anorogenic,Australia,Lamproite,68732.28,31408.56,1600.0,4494.92,395.0,135.0,19754.0,1928.0,277.0,21.0,19.0,283.0
Anorogenic,Australia,Lamproite,72467.73,32907.06,1614.0,5455.0,452.0,143.0,19640.0,2320.0,259.0,25.0,18.0,154.0
Anorogenic,Australia,Lamproite,89069.73,28471.5,1501.0,5716.84,272.0,969.0,11419.0,932.0,298.0,14.0,18.0,219.0
Anorogenic,Australia,Lamproite,72467.73,30269.7,1417.0,2836.6,168.0,104.0,22102.0,969.0,417.0,18.0,18.0,421.0
Anorogenic,Australia,Lamproite,97619.76,36503.46,1734.0,5542.28,293.0,181.0,16244.0,1446.0,801.0,29.0,31.0,450.0
Anorogenic,Australia,Lamproite,100027.05,38061.9,811.0,4494.92,278.0,194.0,18290.0,1427.0,856.0,30.0,32.0,496.0
Anorogenic,Australia,Lamproite,83674.08,38601.36,1382.0,1614.68,330.0,140.0,13245.0,1264.0,501.0,25.0,24.0,277.0
Anorogenic,Australia,Lamproite,81847.86,37642.32,1379.0,2312.92,318.0,127.0,10271.0,1268.0,525.0,24.0,28.0,290.0
Anorogenic,Australia,Lamproite,69562.38,36203.76,2111.0,1614.68,393.0,107.0,12179.0,1218.0,566.0,25.0,20.0,301.0
Anorogenic,Australia,Lamproite,88986.72,34525.44,1235.0,4364.0,372.0,118.0,10346.0,1297.0,445.0,20.0,20.0,241.0
Anorogenic,Australia,Lamproite,83010.0,41298.66,702.0,3883.96,297.0,91.0,8777.0,1123.0,348.0,16.0,20.0,265.0
Anorogenic,Antarctica,Lamproite (Ol-leucitite),98781.9,19480.5,1758.0,5804.12,330.0,113.5,5505.0,1430.0,393.0,31.2,24.71,215.1
Anorogenic,Antarctica,Lamproite (Ol-leucitite),95046.45,19540.44,1784.0,5149.52,352.0,116.6,5631.0,1472.0,393.0,30.9,25.12,214.1
Anorogenic,Antarctica,Lamproite (Ol-leucitite),95793.54,19900.08,1788.0,5324.08,338.0,117.4,5681.0,1493.0,399.0,31.6,25.72,218.9
Anorogenic,Antarctica,Lamproite (Ol-leucitite),91311.0,20079.9,1784.0,4582.2,322.0,114.1,5641.0,1448.0,391.0,30.6,24.26,210.7
Anorogenic,Antarctica,Lamproite (Ol-leucitite),94548.39,20019.96,1815.0,5018.6,337.0,120.4,5765.0,1524.0,392.0,31.3,25.67,216.2
Anorogenic,Antarctica,Lamproite (Ol-leucitite),92722.17,20619.36,1806.0,4974.96,298.0,107.6,5663.0,1072.0,384.0,27.4,24.09,211.3
Anorogenic,Antarctica,Lamproite (Ol-leucitite),94548.39,19960.02,1915.0,5324.08,356.0,122.2,5744.0,1555.0,416.0,32.7,25.2,226.2
Anorogenic,Antarctica,Lamproite (Ol-leucitite),90314.88,19900.08,1742.0,4582.2,302.0,105.3,5445.0,1170.0,372.0,27.1,24.19,203.2
Anorogenic,Antarctica,Lamproite (Ol-leucitite),85583.31,20799.18,1901.0,2967.52,291.0,110.3,5705.0,1066.0,382.0,27.8,24.45,211.0
Anorogenic,Antarctica,Lamproite (Ol-leucitite),42003.06,8151.84,330.0,1963.8,215.0,64.6,1559.0,346.0,271.0,35.8,104.83,129.3
Anorogenic,Antarctica,Lamproite (Ol-leucitite),96374.61,20499.48,1808.0,6458.72,315.0,90.0,5550.0,1004.0,337.0,30.0,18.0,210.0
Anorogenic,India,Lamproite,32788.95,26913.06,1430.0,6502.36,57.0,131.0,894.0,863.0,405.0,13.8,36.8,209.0
Anorogenic,India,Lamproite,37686.54,31648.32,1540.0,7244.24,112.0,131.0,681.0,923.0,572.0,19.7,44.8,297.0
Anorogenic,India,Lamproite,19341.33,18941.04,989.0,3971.24,43.0,111.0,1430.0,466.0,270.0,12.0,24.6,152.0
Anorogenic,India,Lamproite,23159.79,30509.46,1320.0,6065.96,58.0,139.0,577.0,911.8,350.0,14.8,71.0,182.0
Anorogenic,India,Lamproite,21167.55,17802.18,754.0,3534.84,149.0,104.0,2128.0,239.0,172.0,13.3,22.4,77.1
Anorogenic,India,Lamproite,22246.68,17982.0,588.0,3142.08,54.0,86.0,1689.0,450.0,237.0,11.0,21.43,124.0
Anorogenic,India,Lamproite,22163.67,17742.24,618.0,4145.8,52.0,100.0,1478.0,410.0,231.0,11.0,21.65,120.0
Anorogenic,India,Lamproite,37935.57,28831.14,964.0,6240.52,312.0,163.0,943.0,478.0,493.0,18.8,27.93,254.0
Anorogenic,India,Lamproite,40425.87,28231.74,971.0,6109.6,320.0,190.0,928.0,490.0,491.0,20.5,36.1,250.0
Anorogenic,India,Lamproite,18179.19,29250.72,1588.0,7855.2,36.0,176.0,421.0,1241.0,658.0,16.8,17.0,340.0
Anorogenic,India,Lamproite,43663.26,24875.1,1691.0,7287.88,123.0,157.0,977.0,1064.0,643.0,22.5,30.0,339.0
Anorogenic,India,Lamproite,46070.55,23796.18,1582.0,6327.8,139.0,154.0,2812.0,1017.0,545.0,17.4,19.0,275.0
Anorogenic,India,Lamproite,18179.19,29250.72,1588.0,7855.2,36.0,176.0,421.0,1241.0,658.0,16.8,17.0,340.0
Anorogenic,India,Lamproite,23242.8,25414.56,1022.0,6633.28,68.0,160.0,445.0,862.0,626.0,27.2,22.0,333.0
Anorogenic,India,Lamproite,31709.82,24515.46,1196.0,7069.68,68.0,148.0,1350.0,1004.0,542.0,19.3,24.0,288.0
Anorogenic,India,Orangeite-Lamproite,21167.55,6653.34,818.0,1091.0,171.0,100.0,5193.0,259.0,179.0,10.8,14.3,99.8
Anorogenic,India,Orangeite-Lamproite,23076.78,6473.52,971.0,1047.36,138.0,107.0,1797.0,227.0,203.0,16.9,14.5,117.0
Anorogenic,Norway,Lamproite,74875.02,22657.32,2505.0,12699.24,246.0,71.0,6995.0,528.0,463.0,25.5,25.0,214.0
Anorogenic,Norway,Lamproite,78195.42,19000.98,2585.0,11259.12,247.0,84.0,9699.0,1671.0,404.0,22.7,25.0,583.0
Anorogenic,Russia,Phlogopite lamproite,68898.3,9710.28,3464.0,9295.32,181.0,64.0,7130.0,647.0,242.0,13.2,35.0,129.0
Anorogenic,Russia,Lamproite,61427.4,7912.08,1520.0,7331.52,378.0,2.5,2520.0,493.0,360.0,83.0,42.0,150.0
Anorogenic,Russia,Lamproite,61759.44,7972.02,1150.0,6284.16,437.0,6.5,1970.0,471.0,235.0,80.0,34.0,91.0
Anorogenic,Russia,Lamproite,75788.13,10429.56,1610.0,8989.84,357.0,8.3,2900.0,824.0,360.0,64.0,36.0,145.0
Anorogenic,Russia,Lamproite,39761.79,8151.84,426.0,6065.96,219.0,6.0,1100.0,514.0,205.0,66.0,26.0,80.0
Anorogenic,Russia,Lamproite,47564.73,7012.98,576.0,6022.32,335.0,19.6,4817.0,390.0,177.0,44.0,32.0,82.0
Anorogenic,Russia,Lamproite,53873.49,7852.14,778.0,7724.28,320.0,20.0,6187.0,359.0,225.0,54.0,34.0,93.0
Anorogenic,Russia,Lamproite,54537.57,7912.08,744.0,6807.84,314.0,18.0,5912.0,337.0,192.0,45.0,33.0,89.0
Anorogenic,China (Yangtze Block),Lamproite,41172.96,16423.56,1103.0,4756.76,85.89,135.0,2438.0,566.6,293.4,22.18,20.6,164.9
Anorogenic,China (Yangtze Block),Lamproite,40923.93,16123.86,1085.0,4582.2,82.25,130.0,2450.0,554.4,288.5,22.79,20.07,160.1
Anorogenic,China (Yangtze Block),Lamproite,40757.91,17082.9,1152.0,4974.96,85.6,127.6,2553.0,532.6,287.9,18.49,22.04,161.6
Anorogenic,China (Yangtze Block),Lamproite,39761.79,16963.02,1134.0,4931.32,82.8,131.2,2841.0,532.3,297.3,21.49,23.3,166.5
Anorogenic,China (Yangtze Block),Lamproite,41505.0,16363.62,1128.0,4756.76,80.37,132.3,1884.0,581.5,287.6,22.2,20.67,163.6
Anorogenic,China (Yangtze Block),Lamproite,33453.03,18221.76,1011.0,4102.16,112.1,143.3,3450.0,620.9,321.3,24.27,25.48,179.3
Anorogenic,China (Yangtze Block),Lamproite,34283.13,18401.58,1016.0,4102.16,113.2,149.5,3348.0,631.9,321.2,24.19,26.14,179.9
Anorogenic,China (Yangtze Block),Lamproite,32705.94,17862.12,972.6,4058.52,107.1,139.9,3362.0,587.0,313.7,23.21,25.14,177.6
Anorogenic,China (Yangtze Block),Lamproite,36109.35,18461.52,986.0,4407.64,113.2,148.2,3079.0,614.2,324.0,24.39,24.45,185.6
Anorogenic,China (Yangtze Block),Lamproite,36192.36,18521.46,962.9,4364.0,107.3,143.0,2995.0,603.9,319.0,24.57,23.93,181.2
Anorogenic,China (Yangtze Block),Lamproite,39263.73,19360.62,978.3,4625.84,114.1,138.9,3589.0,593.8,311.1,23.57,24.55,177.7
Anorogenic,China (Yangtze Block),Lamproite,37852.56,19000.98,898.1,4800.4,110.3,132.0,3163.0,562.0,308.5,22.7,24.29,177.4
Anorogenic,China (Yangtze Block),Lamproite,42086.07,16363.62,1148.0,4974.96,83.35,134.4,2228.0,587.6,299.2,20.32,26.74,175.7
Anorogenic,"USA (Leucite Hills, Wyoming)",Phlogopite lamproite,88073.61,16003.98,2864.0,7462.44,295.2,56.6,6540.0,1534.0,392.6,21.83,17.42,196.3
Anorogenic,"USA (Leucite Hills, Wyoming)",Phlogopite lamproite,92556.15,15284.7,2020.0,5978.68,277.7,60.99,5410.0,1570.0,321.5,20.05,13.9,158.2
Anorogenic,"USA (Leucite Hills, Wyoming)",Phlogopite lamproite,93967.32,14505.48,2405.0,7026.04,268.8,62.99,7113.0,1610.0,367.7,24.17,13.61,187.5
Anorogenic,"USA (Leucite Hills, Wyoming)",Phlogopite lamproite,88820.7,15104.88,1815.0,5760.48,288.0,49.18,5376.0,1622.0,270.2,16.01,12.21,128.6
Anorogenic,"USA (Leucite Hills, Wyoming)",Phlogopite lamproite,88156.62,12827.16,1707.0,5585.92,242.7,47.87,4104.0,1462.0,317.4,18.37,14.23,155.2
